Табельный номер|Фамилия И.О.|Пол|Год рождения|Год начала работы в компании|Подразделение|Должность|Оклад|Кол-во выполненных проектов
1|Иванова Д.З.|М|1977|2021|тестирование|QA Manager|35000|3
2|Козловская Б.Б.|М|1982|2022|разработка|Разработчик ПО|20000|1
3|Козловская Т.Ю.|Ж|1988|2020|HR|HR Аналитик|35000|1
4|Гурова К.Ж.|М|1995|2022|HR|HR Аналитик|20000|1
5|Морозова Т.Г.|Ж|1990|2015|разработка|Тимлид|50000|6
6|Морозова Д.Т.|Ж|1985|2005|разработка|Бизнес-аналитик|70000|8
7|Михайлова Д.Т.|Ж|1978|2003|разработка|Веб-дизайнер|75000|8
8|Морозова Р.С.|Ж|1989|2011|тестирование|QA Manager|70000|12
9|Воробьева Л.Ф.|М|1989|2013|тестирование|QA Manager|65000|11
10|Козловская Я.К.|Ж|1976|2016|разработка|Мобильный разработчик|55000|7
11|Соловьёва Р.М.|Ж|1975|2005|тестирование|Тестировщик|65000|8
12|Морозова Б.У.|М|1980|2007|разработка|DevOps|75000|8
13|Сидорова О.Я.|М|1994|2016|HR|HR Аналитик|45000|7
14|Сидорова Г.З.|Ж|1982|2011|маркетинг|Менеджер по маркетингу|75000|10
15|Воробьева С.Ф.|Ж|1994|2021|разработка|Мобильный разработчик|35000|2
16|Иванова У.Е.|Ж|1979|2003|HR|HR Аналитик|65000|10
17|Сидорова А.К.|Ж|1977|2016|HR|HR Manager|50000|4
18|Козловская Т.К.|М|1978|2016|маркетинг|Интернет-маркетолог|50000|7
19|Иванова Д.М.|Ж|1980|2014|тестирование|Тестировщик|60000|10
20|Козловская И.И.|М|1995|2021|тестирование|QA Manager|35000|3
21|Морозова Б.Н.|Ж|1986|2020|маркетинг|Менеджер по маркетингу|35000|3
22|Иванова Т.Р.|М|1981|2004|разработка|Бизнес-аналитик|75000|11
23|Иванова Т.Р.|Ж|1975|2002|маркетинг|Менеджер по маркетингу|70000|8
24|Медведева Л.О.|М|1988|2018|разработка|DevOps|40000|5
25|Козловская К.К.|Ж|1994|2021|маркетинг|Интернет-маркетолог|35000|2
26|Васильева У.С.|Ж|1986|2021|маркетинг|Интернет-маркетолог|35000|1
27|Медведева Ю.З.|Ж|1975|2005|тестирование|Тестировщик|75000|11
28|Гурова К.Т.|Ж|1983|2008|разработка|Тимлид|65000|10
29|Соловьёва Н.Е.|Ж|1975|2003|маркетинг|Интернет-маркетолог|75000|8
30|Морозова Ю.Т.|Ж|1983|2009|разработка|Тимлид|75000|11
31|Гурова Ж.Ж.|Ж|1981|2015|маркетинг|Интернет-маркетолог|40000|5
32|Медведева Т.Ф.|М|1979|2010|HR|HR Аналитик|65000|11
33|Воробьева У.О.|Ж|1994|2021|HR|HR Аналитик|30000|2
34|Гурова О.Н.|М|1988|2019|HR|HR Аналитик|55000|5
35|Сидорова Е.З.|Ж|1986|2021|тестирование|Тестировщик|35000|3
36|Михайлова С.Ю.|М|1983|2020|тестирование|QA Manager|25000|1
37|Морозова Э.К.|М|1992|2012|HR|HR Аналитик|70000|12
38|Сидорова Ф.Т.|М|1985|2022|тестирование|QA Manager|35000|2
39|Васильева Ф.Г.|М|1987|2019|маркетинг|Менеджер по маркетингу|40000|7
40|Медведева Д.Р.|Ж|1976|2008|маркетинг|Интернет-маркетолог|60000|8
41|Воробьева К.О.|Ж|1987|2017|HR|HR Аналитик|50000|7
42|Гурова К.Б.|Ж|1981|2014|маркетинг|Менеджер по маркетингу|75000|12
43|Михайлова Я.С.|Ж|1985|2019|HR|HR Manager|45000|6
44|Воробьева А.Д.|М|1980|2006|разработка|Бизнес-аналитик|75000|8
45|Иванова Б.У.|Ж|1975|2016|HR|HR Аналитик|40000|6
46|Козловская К.А.|М|1993|2022|тестирование|Тестировщик|25000|1
47|Михайлова Т.Н.|Ж|1980|2012|HR|HR Аналитик|65000|12
48|Сидорова Н.Ж.|М|1982|2013|HR|HR Manager|65000|10
49|Соловьёва К.Н.|Ж|1989|2022|HR|HR Аналитик|35000|3
50|Васильева Л.И.|Ж|1993|2018|маркетинг|Менеджер по маркетингу|55000|6
51|Васильева Я.О.|М|1985|2007|тестирование|QA Manager|65000|10
52|Морозова Т.Б.|М|1977|2011|тестирование|Тестировщик|60000|9
53|Морозова С.Л.|Ж|1986|2014|HR|HR Manager|60000|9
54|Морозова Ф.С.|Ж|1985|2010|разработка|Мобильный разработчик|60000|11
55|Медведева К.Б.|Ж|1991|2018|тестирование|Тестировщик|50000|7
56|Медведева А.Ж.|Ж|1990|2015|разработка|Мобильный разработчик|45000|6
57|Морозова И.Б.|Ж|1985|2011|разработка|Мобильный разработчик|60000|9
58|Гурова А.У.|М|1975|2021|маркетинг|Менеджер по маркетингу|35000|2
59|Сидорова З.Ю.|Ж|1991|2019|HR|HR Manager|45000|4
60|Сидорова Т.У.|М|1980|2009|HR|HR Аналитик|70000|9
61|Васильева Б.Д.|М|1990|2018|маркетинг|Интернет-маркетолог|45000|6
62|Михайлова К.Я.|М|1975|2011|разработка|Бизнес-аналитик|65000|9
63|Медведева А.Б.|М|1980|2008|маркетинг|Интернет-маркетолог|65000|8
64|Соловьёва Я.Е.|М|1991|2021|маркетинг|Интернет-маркетолог|25000|3
65|Соловьёва К.П.|Ж|1995|2021|HR|HR Аналитик|25000|1
66|Михайлова Е.П.|М|1990|2015|разработка|Веб-дизайнер|40000|4
67|Иванова З.П.|Ж|1981|2014|HR|HR Аналитик|75000|11
68|Михайлова А.Э.|М|1983|2014|разработка|Разработчик ПО|75000|11
69|Воробьева Н.Б.|М|1991|2017|разработка|Бизнес-аналитик|50000|4
70|Морозова С.Н.|Ж|1988|2015|тестирование|QA Manager|50000|6
71|Медведева У.А.|Ж|1992|2020|разработка|Мобильный разработчик|35000|1
72|Козловская Б.Ф.|М|1991|2015|тестирование|QA Manager|55000|5
73|Козловская Е.Б.|М|1985|2017|разработка|Мобильный разработчик|55000|6
74|Соловьёва Д.Т.|Ж|1980|2017|разработка|Веб-дизайнер|40000|4
75|Михайлова И.Д.|Ж|1975|2012|HR|HR Manager|60000|11
76|Сидорова З.Р.|М|1983|2005|разработка|Разработчик ПО|75000|12
77|Иванова Б.Б.|М|1995|2016|разработка|Тимлид|40000|4
78|Михайлова З.Д.|Ж|1976|2005|разработка|DevOps|75000|8
79|Воробьева Ф.Ю.|Ж|1986|2012|HR|HR Manager|75000|8
80|Соловьёва П.Ф.|Ж|1990|2017|разработка|Разработчик ПО|50000|7
81|Михайлова В.Ю.|Ж|1980|2008|разработка|Бизнес-аналитик|65000|9
82|Иванова Т.З.|М|1981|2015|HR|HR Аналитик|45000|6
83|Козловская Д.Б.|М|1982|2022|HR|HR Аналитик|30000|2
84|Морозова П.Д.|Ж|1980|2009|маркетинг|Менеджер по маркетингу|75000|9
85|Васильева И.З.|Ж|1993|2021|HR|HR Аналитик|20000|3
86|Михайлова Л.В.|М|1983|2020|тестирование|QA Manager|20000|2
87|Иванова Я.У.|Ж|1993|2021|маркетинг|Интернет-маркетолог|20000|2
88|Иванова Г.Г.|Ж|1975|2012|тестирование|QA Manager|60000|8
89|Гурова У.Ю.|Ж|1985|2015|тестирование|Тестировщик|55000|6
90|Козловская Ю.Н.|Ж|1983|2008|тестирование|QA Manager|70000|9
91|Морозова Г.К.|М|1989|2022|маркетинг|Интернет-маркетолог|25000|3
92|Воробьева Р.П.|М|1983|2009|HR|HR Manager|65000|10
93|Васильева К.Т.|Ж|1990|2020|разработка|Веб-дизайнер|30000|2
94|Морозова Б.Л.|Ж|1987|2019|разработка|Мобильный разработчик|55000|4
95|Козловская Н.О.|Ж|1979|2016|разработка|Разработчик ПО|45000|7
96|Козловская Э.Г.|Ж|1989|2018|маркетинг|Интернет-маркетолог|55000|4
97|Иванова А.Н.|М|1979|2008|HR|HR Аналитик|75000|9
98|Морозова Е.Ж.|М|1982|2004|маркетинг|Менеджер по маркетингу|60000|8
99|Медведева Р.Д.|Ж|1989|2019|маркетинг|Интернет-маркетолог|40000|6
100|Сидорова О.О.|М|1981|2005|маркетинг|Интернет-маркетолог|60000|11
101|Соловьёва У.И.|М|1985|2019|HR|HR Аналитик|50000|5
102|Воробьева У.Р.|М|1986|2013|маркетинг|Интернет-маркетолог|60000|8
103|Морозова Б.Т.|М|1982|2020|маркетинг|Менеджер по маркетингу|25000|3
104|Иванова В.С.|Ж|1977|2016|маркетинг|Менеджер по маркетингу|50000|4
105|Гурова Д.Ж.|Ж|1986|2022|тестирование|Тестировщик|30000|3
106|Иванова Ю.К.|М|1995|2022|тестирование|Тестировщик|35000|1
107|Иванова Г.Ж.|Ж|1991|2010|маркетинг|Менеджер по маркетингу|60000|10
108|Гурова Ю.Р.|М|1982|2020|разработка|Разработчик ПО|35000|2
109|Морозова Ф.Ю.|Ж|1995|2021|тестирование|QA Manager|25000|1
110|Иванова Г.П.|Ж|1991|2015|маркетинг|Интернет-маркетолог|55000|6
111|Козловская Ю.М.|М|1983|2005|маркетинг|Менеджер по маркетингу|75000|12
112|Соловьёва У.А.|М|1978|1999|маркетинг|Интернет-маркетолог|60000|9
113|Сидорова М.И.|М|1988|2015|маркетинг|Менеджер по маркетингу|40000|4
114|Гурова К.Т.|М|1987|2016|разработка|Разработчик ПО|50000|4
115|Иванова В.П.|М|1981|2011|разработка|Бизнес-аналитик|60000|11
116|Козловская Ж.И.|Ж|1982|2014|разработка|Разработчик ПО|65000|11
117|Воробьева А.Ю.|М|1991|2021|маркетинг|Интернет-маркетолог|30000|3
118|Михайлова П.Ж.|Ж|1988|2019|разработка|Мобильный разработчик|50000|4
119|Медведева Г.С.|М|1978|2013|разработка|Разработчик ПО|60000|12
120|Воробьева У.Т.|Ж|1982|2022|маркетинг|Интернет-маркетолог|20000|1
121|Медведева Ю.Е.|М|1978|2020|HR|HR Аналитик|25000|3
122|Иванова Б.Р.|Ж|1986|2015|тестирование|QA Manager|45000|6
123|Козловская В.У.|Ж|1988|2022|разработка|Мобильный разработчик|20000|1
124|Соловьёва Р.К.|М|1975|2021|разработка|Веб-дизайнер|30000|1
125|Воробьева Б.Н.|Ж|1987|2018|тестирование|QA Manager|50000|7
126|Медведева А.У.|Ж|1986|2020|HR|HR Аналитик|35000|1
127|Медведева З.З.|Ж|1989|2022|тестирование|Тестировщик|35000|3
128|Михайлова Т.Ю.|М|1980|2009|разработка|Разработчик ПО|60000|9
129|Иванова Д.Я.|М|1981|2021|разработка|Мобильный разработчик|20000|1
130|Иванова М.Г.|М|1989|2016|тестирование|QA Manager|45000|6
131|Михайлова С.Ю.|М|1978|2009|разработка|Веб-дизайнер|70000|9
132|Гурова И.С.|Ж|1990|2017|разработка|Разработчик ПО|50000|7
133|Иванова И.Я.|М|1988|2018|разработка|Веб-дизайнер|55000|4
134|Медведева Б.Т.|Ж|1981|2017|разработка|Разработчик ПО|50000|6
135|Васильева И.Г.|М|1985|2019|HR|HR Manager|50000|5
136|Воробьева З.У.|Ж|1978|2008|разработка|DevOps|60000|12
137|Морозова К.Ф.|М|1977|2009|HR|HR Manager|65000|12
138|Васильева В.Г.|Ж|1977|2009|тестирование|QA Manager|70000|10
139|Васильева Н.З.|Ж|1995|2017|маркетинг|Менеджер по маркетингу|45000|4
140|Козловская Ф.К.|Ж|1981|2013|маркетинг|Интернет-маркетолог|65000|8
141|Морозова Л.В.|Ж|1989|2017|разработка|Веб-дизайнер|50000|7
142|Медведева Я.С.|Ж|1991|2016|разработка|Бизнес-аналитик|40000|5
143|Морозова Э.Ю.|М|1994|2020|тестирование|Тестировщик|30000|3
144|Васильева У.Н.|М|1988|2011|разработка|Мобильный разработчик|60000|8
145|Сидорова Б.Т.|М|1988|2013|маркетинг|Интернет-маркетолог|60000|11
146|Воробьева Т.А.|М|1987|2019|тестирование|Тестировщик|40000|5
147|Сидорова А.В.|М|1978|2011|маркетинг|Менеджер по маркетингу|60000|8
148|Иванова Ж.Г.|Ж|1993|2016|тестирование|QA Manager|45000|4
149|Сидорова Ф.К.|М|1985|2010|HR|HR Manager|60000|8
150|Козловская Л.Б.|М|1988|2020|разработка|DevOps|25000|2
151|Сидорова Н.Ж.|Ж|1975|2002|HR|HR Аналитик|60000|11
152|Воробьева Д.Д.|М|1975|1995|HR|HR Аналитик|70000|8
153|Сидорова У.О.|М|1976|2015|маркетинг|Менеджер по маркетингу|55000|4
154|Васильева Б.Т.|М|1992|2015|тестирование|Тестировщик|40000|5
155|Морозова Д.Д.|Ж|1993|2019|маркетинг|Менеджер по маркетингу|45000|4
156|Михайлова Ф.З.|Ж|1989|2020|HR|HR Аналитик|25000|1
157|Медведева Р.П.|М|1991|2017|тестирование|QA Manager|55000|7
158|Гурова Ю.Э.|М|1980|2021|разработка|Тимлид|30000|1
159|Морозова Н.Е.|Ж|1988|2010|маркетинг|Менеджер по маркетингу|65000|9
160|Иванова П.А.|М|1981|2017|HR|HR Manager|40000|6
161|Воробьева Ф.Е.|Ж|1989|2017|разработка|DevOps|40000|6
162|Медведева З.С.|М|1991|2016|тестирование|Тестировщик|45000|6
163|Сидорова Т.У.|М|1991|2021|разработка|DevOps|35000|1
164|Васильева Г.О.|Ж|1993|2015|разработка|Разработчик ПО|55000|7
165|Васильева Г.Т.|Ж|1983|2018|HR|HR Manager|50000|4
166|Васильева Л.У.|Ж|1975|2019|тестирование|Тестировщик|50000|6
167|Васильева Л.Э.|М|1988|2020|HR|HR Manager|20000|3
168|Гурова Э.Г.|Ж|1978|2022|тестирование|QA Manager|30000|2
169|Воробьева Ф.К.|М|1991|2018|тестирование|QA Manager|55000|4
170|Иванова Э.Т.|М|1988|2022|тестирование|QA Manager|20000|3
171|Сидорова Д.Ф.|Ж|1990|2018|тестирование|QA Manager|55000|7
172|Медведева Р.Ю.|Ж|1976|1998|тестирование|Тестировщик|70000|12
173|Соловьёва Н.Ж.|Ж|1993|2017|тестирование|QA Manager|45000|6
174|Васильева Л.З.|М|1981|2021|маркетинг|Интернет-маркетолог|20000|1
175|Воробьева В.Б.|М|1985|2010|HR|HR Manager|75000|12
176|Воробьева Н.Г.|М|1977|2018|разработка|Веб-дизайнер|55000|5
177|Васильева П.Д.|М|1976|2002|разработка|Мобильный разработчик|75000|12
178|Михайлова И.Ю.|Ж|1977|2014|тестирование|QA Manager|60000|8
179|Гурова Т.Э.|Ж|1991|2022|разработка|Тимлид|35000|3
180|Гурова Л.М.|Ж|1980|2015|разработка|Тимлид|55000|6
181|Морозова О.М.|Ж|1987|2021|тестирование|Тестировщик|25000|3
182|Козловская С.Т.|Ж|1985|2022|разработка|Мобильный разработчик|25000|1
183|Иванова Ю.В.|Ж|1977|2017|HR|HR Manager|50000|6
184|Васильева З.О.|М|1978|2001|тестирование|Тестировщик|70000|10
185|Васильева М.Н.|Ж|1976|2011|HR|HR Аналитик|75000|11
186|Сидорова К.М.|М|1978|2021|разработка|Мобильный разработчик|30000|1
187|Соловьёва Т.Р.|Ж|1987|2015|тестирование|Тестировщик|55000|7
188|Соловьёва Р.С.|М|1977|2004|разработка|Бизнес-аналитик|70000|10
189|Сидорова В.Ф.|М|1984|2016|тестирование|Тестировщик|40000|7
190|Сидорова К.Б.|Ж|1983|2011|HR|HR Manager|70000|11
191|Гурова М.Э.|М|1979|2013|разработка|DevOps|65000|12
192|Соловьёва Т.Т.|М|1980|2014|разработка|Бизнес-аналитик|70000|8
193|Михайлова З.У.|Ж|1978|1999|тестирование|Тестировщик|75000|11
194|Васильева Д.Т.|Ж|1976|2008|HR|HR Аналитик|65000|12
195|Иванова О.Р.|М|1983|2006|HR|HR Аналитик|75000|8
196|Морозова Ж.В.|М|1992|2020|тестирование|QA Manager|25000|1
197|Сидорова Ж.Т.|М|1976|2013|маркетинг|Интернет-маркетолог|70000|12
198|Козловская И.О.|Ж|1989|2021|тестирование|QA Manager|20000|1
199|Медведева Ж.Д.|Ж|1978|2013|тестирование|QA Manager|75000|9
200|Сидорова Д.Ю.|Ж|1978|2018|HR|HR Аналитик|45000|5
201|Иванова В.М.|Ж|1995|2021|маркетинг|Менеджер по маркетингу|35000|3
202|Васильева Л.В.|Ж|1975|2004|тестирование|QA Manager|65000|12
203|Воробьева Т.Г.|М|1992|2015|HR|HR Аналитик|50000|5
204|Сидорова В.Д.|Ж|1992|2017|тестирование|Тестировщик|50000|4
205|Гурова Ю.У.|М|1978|2022|HR|HR Manager|35000|1
206|Воробьева И.И.|Ж|1983|2019|HR|HR Аналитик|50000|4
207|Козловская У.Э.|Ж|1984|2006|разработка|Веб-дизайнер|60000|8
208|Иванова Г.О.|М|1989|2011|маркетинг|Интернет-маркетолог|75000|9
209|Медведева Т.О.|М|1985|2018|HR|HR Manager|40000|7
210|Михайлова Е.Ф.|М|1988|2010|HR|HR Manager|60000|10
211|Соловьёва Е.Л.|М|1981|2002|тестирование|QA Manager|70000|10
212|Медведева П.З.|Ж|1995|2020|тестирование|Тестировщик|35000|2
213|Михайлова Ж.Б.|Ж|1988|2018|HR|HR Manager|55000|6
214|Воробьева Ф.Ю.|М|1988|2012|маркетинг|Менеджер по маркетингу|75000|12
215|Медведева Б.Л.|Ж|1985|2014|разработка|DevOps|70000|12
216|Васильева Б.О.|М|1981|2010|разработка|DevOps|60000|8
217|Иванова Э.Б.|М|1989|2011|тестирование|Тестировщик|60000|10
218|Медведева К.И.|Ж|1984|2011|маркетинг|Интернет-маркетолог|65000|12
219|Морозова К.М.|Ж|1992|2022|разработка|Мобильный разработчик|30000|1
220|Воробьева С.С.|М|1994|2019|тестирование|Тестировщик|45000|6
221|Воробьева З.И.|М|1987|2016|HR|HR Manager|45000|4
222|Медведева Э.К.|Ж|1990|2012|маркетинг|Менеджер по маркетингу|70000|10
223|Козловская Л.Э.|М|1981|2011|тестирование|Тестировщик|65000|11
224|Иванова Я.П.|Ж|1976|2000|HR|HR Аналитик|65000|12
225|Морозова Б.Ж.|М|1981|2016|разработка|Мобильный разработчик|50000|5
226|Соловьёва Н.Б.|Ж|1984|2014|HR|HR Manager|65000|8
227|Козловская Э.Д.|Ж|1984|2017|HR|HR Manager|45000|7
228|Козловская Н.Я.|Ж|1977|2010|тестирование|QA Manager|60000|11
229|Иванова В.О.|М|1990|2018|тестирование|QA Manager|40000|7
230|Иванова Д.М.|М|1990|2019|разработка|Веб-дизайнер|40000|4
231|Морозова З.Я.|М|1982|2011|маркетинг|Менеджер по маркетингу|65000|11
232|Медведева О.Б.|М|1993|2011|HR|HR Manager|60000|9
233|Воробьева Л.А.|М|1983|2015|разработка|Разработчик ПО|40000|4
234|Медведева Т.Р.|Ж|1981|2007|маркетинг|Интернет-маркетолог|65000|10
235|Воробьева В.Д.|М|1993|2020|разработка|Тимлид|30000|2
236|Морозова У.Я.|Ж|1989|2012|маркетинг|Интернет-маркетолог|65000|10
237|Михайлова К.С.|М|1991|2017|HR|HR Manager|50000|6
238|Васильева Д.О.|М|1977|2013|разработка|Разработчик ПО|65000|9
239|Михайлова О.Л.|М|1991|2014|разработка|Веб-дизайнер|60000|10
240|Соловьёва В.Л.|М|1981|2010|HR|HR Manager|60000|9
241|Васильева Ф.Ю.|М|1983|2020|HR|HR Аналитик|30000|3
242|Соловьёва Л.З.|М|1984|2021|HR|HR Manager|20000|3
243|Воробьева Р.Е.|Ж|1989|2018|тестирование|Тестировщик|45000|4
244|Сидорова Ф.З.|Ж|1979|2017|тестирование|Тестировщик|55000|5
245|Козловская И.Д.|Ж|1984|2011|разработка|Веб-дизайнер|65000|9
246|Морозова Р.Н.|Ж|1994|2015|HR|HR Аналитик|40000|6
247|Медведева Я.О.|М|1987|2012|HR|HR Manager|75000|11
248|Сидорова У.У.|Ж|1991|2015|разработка|Тимлид|40000|4
249|Иванова О.З.|Ж|1981|2016|разработка|Веб-дизайнер|45000|5
250|Сидорова Э.О.|Ж|1976|2005|разработка|Мобильный разработчик|65000|8
251|Иванова К.Б.|М|1982|2011|маркетинг|Менеджер по маркетингу|60000|12
252|Михайлова Б.З.|Ж|1985|2022|тестирование|QA Manager|35000|1
253|Михайлова Е.Ж.|М|1990|2021|HR|HR Manager|35000|1
254|Воробьева Р.З.|Ж|1994|2016|тестирование|Тестировщик|55000|6
255|Васильева П.Э.|М|1990|2009|маркетинг|Интернет-маркетолог|60000|11
256|Медведева О.Р.|М|1988|2016|разработка|DevOps|50000|7
257|Гурова А.Н.|Ж|1993|2018|маркетинг|Интернет-маркетолог|50000|6
258|Васильева Э.Е.|Ж|1984|2017|маркетинг|Интернет-маркетолог|55000|4
259|Сидорова Р.Р.|Ж|1985|2008|маркетинг|Менеджер по маркетингу|70000|11
260|Иванова К.В.|Ж|1992|2014|тестирование|QA Manager|60000|9
261|Михайлова С.В.|Ж|1986|2022|тестирование|QA Manager|20000|2
262|Морозова В.У.|М|1994|2022|HR|HR Manager|35000|3
263|Воробьева П.Б.|Ж|1986|2019|HR|HR Аналитик|50000|5
264|Сидорова Г.Ж.|М|1992|2014|тестирование|Тестировщик|60000|9
265|Михайлова О.П.|М|1978|1999|разработка|Мобильный разработчик|75000|9
266|Козловская О.Т.|М|1990|2022|маркетинг|Интернет-маркетолог|35000|2
267|Козловская О.В.|Ж|1995|2022|маркетинг|Интернет-маркетолог|25000|3
268|Морозова К.П.|М|1983|2015|тестирование|Тестировщик|40000|5
269|Гурова Ж.М.|Ж|1983|2018|тестирование|QA Manager|55000|4
270|Козловская М.Я.|М|1982|2010|разработка|Тимлид|65000|8
271|Козловская О.Я.|Ж|1983|2015|разработка|Бизнес-аналитик|45000|6
272|Иванова Ф.Я.|Ж|1989|2017|маркетинг|Менеджер по маркетингу|40000|6
273|Васильева Л.И.|Ж|1993|2014|маркетинг|Менеджер по маркетингу|70000|8
274|Воробьева Г.Ж.|Ж|1978|2009|маркетинг|Менеджер по маркетингу|65000|9
275|Иванова П.Б.|Ж|1981|2021|маркетинг|Интернет-маркетолог|25000|3
276|Соловьёва К.Л.|М|1992|2017|маркетинг|Менеджер по маркетингу|40000|7
277|Михайлова Л.Я.|Ж|1975|2015|тестирование|QA Manager|40000|6
278|Медведева Г.Б.|М|1990|2021|HR|HR Аналитик|30000|3
279|Сидорова П.Т.|М|1987|2011|маркетинг|Интернет-маркетолог|70000|11
280|Воробьева В.З.|Ж|1982|2015|тестирование|Тестировщик|45000|4
281|Морозова П.В.|Ж|1990|2018|маркетинг|Менеджер по маркетингу|40000|5
282|Михайлова Б.Ф.|М|1987|2022|тестирование|QA Manager|30000|2
283|Козловская Г.Ю.|Ж|1980|2010|маркетинг|Интернет-маркетолог|70000|8
284|Морозова Г.Ю.|М|1985|2018|маркетинг|Интернет-маркетолог|55000|6
285|Сидорова А.У.|Ж|1979|2001|тестирование|Тестировщик|60000|10
286|Васильева Ф.Я.|Ж|1988|2019|HR|HR Аналитик|55000|7
287|Васильева В.О.|М|1979|2013|тестирование|Тестировщик|65000|12
288|Гурова Е.Ф.|Ж|1981|2007|маркетинг|Менеджер по маркетингу|60000|12
289|Гурова У.Ю.|Ж|1981|2011|маркетинг|Интернет-маркетолог|70000|10
290|Соловьёва О.В.|М|1979|2018|маркетинг|Менеджер по маркетингу|45000|6
291|Сидорова Т.С.|М|1987|2010|тестирование|Тестировщик|70000|8
292|Соловьёва И.Е.|М|1991|2022|тестирование|QA Manager|30000|1
293|Михайлова У.В.|М|1980|2007|тестирование|QA Manager|65000|9
294|Сидорова З.О.|М|1994|2019|разработка|Тимлид|40000|7
295|Воробьева З.С.|М|1988|2018|разработка|Разработчик ПО|55000|6
296|Сидорова Я.Д.|Ж|1990|2021|HR|HR Аналитик|30000|1
297|Козловская Ф.Д.|М|1990|2020|тестирование|Тестировщик|20000|1
298|Воробьева В.Д.|Ж|1989|2011|HR|HR Manager|75000|12
299|Соловьёва С.С.|Ж|1975|2007|разработка|Бизнес-аналитик|60000|10
300|Васильева Р.Р.|Ж|1994|2015|HR|HR Аналитик|45000|5
301|Сидорова И.А.|Ж|1978|2001|разработка|Веб-дизайнер|75000|8
302|Соловьёва Г.А.|М|1976|1998|разработка|Бизнес-аналитик|70000|10
303|Михайлова З.А.|Ж|1995|2022|разработка|Мобильный разработчик|20000|3
304|Медведева А.Д.|Ж|1985|2016|маркетинг|Интернет-маркетолог|45000|7
305|Соловьёва Б.С.|М|1979|2004|HR|HR Manager|65000|8
306|Соловьёва Я.Б.|М|1995|2020|разработка|Тимлид|35000|3
307|Воробьева Д.Н.|Ж|1990|2016|разработка|Бизнес-аналитик|45000|7
308|Козловская К.У.|М|1994|2020|разработка|Веб-дизайнер|20000|3
309|Иванова П.Л.|М|1981|2003|тестирование|Тестировщик|75000|10
310|Иванова Е.Т.|Ж|1979|2018|HR|HR Аналитик|40000|4
311|Козловская В.С.|М|1990|2015|маркетинг|Интернет-маркетолог|40000|5
312|Медведева Б.Ю.|Ж|1988|2014|разработка|Разработчик ПО|65000|10
313|Соловьёва У.У.|М|1976|2016|разработка|Бизнес-аналитик|40000|7
314|Соловьёва Я.У.|М|1980|2007|маркетинг|Интернет-маркетолог|75000|8
315|Соловьёва С.Г.|М|1982|2012|разработка|Веб-дизайнер|60000|8
316|Васильева С.Т.|Ж|1976|2002|маркетинг|Интернет-маркетолог|60000|12
317|Сидорова Ф.Б.|М|1984|2012|тестирование|Тестировщик|75000|11
318|Морозова Я.Я.|Ж|1985|2009|маркетинг|Менеджер по маркетингу|60000|8
319|Медведева В.Ю.|Ж|1990|2016|маркетинг|Менеджер по маркетингу|55000|5
320|Соловьёва Ю.К.|М|1982|2017|маркетинг|Менеджер по маркетингу|45000|4
321|Сидорова С.С.|М|1988|2008|разработка|Веб-дизайнер|60000|10
322|Сидорова А.Е.|М|1992|2022|разработка|Веб-дизайнер|30000|3
323|Козловская Я.Б.|Ж|1981|2016|разработка|Разработчик ПО|50000|4
324|Козловская Ю.М.|Ж|1991|2019|разработка|Разработчик ПО|45000|6
325|Морозова В.И.|М|1984|2020|маркетинг|Интернет-маркетолог|25000|1
326|Воробьева Ж.Я.|М|1993|2018|маркетинг|Менеджер по маркетингу|45000|4
327|Морозова Р.Н.|М|1987|2019|HR|HR Manager|45000|6
328|Васильева В.Э.|Ж|1989|2014|HR|HR Аналитик|75000|10
329|Соловьёва Я.У.|М|1978|2022|HR|HR Manager|30000|2
330|Иванова Б.И.|Ж|1990|2017|тестирование|Тестировщик|50000|6
331|Медведева К.П.|М|1988|2018|разработка|Бизнес-аналитик|50000|6
332|Козловская Ж.Ю.|Ж|1980|2000|HR|HR Manager|65000|11
333|Михайлова Г.М.|М|1994|2017|маркетинг|Интернет-маркетолог|45000|4
334|Соловьёва Р.И.|Ж|1992|2020|HR|HR Manager|35000|1
335|Васильева К.Ф.|Ж|1975|2005|тестирование|Тестировщик|60000|8
336|Михайлова П.Р.|М|1994|2022|HR|HR Аналитик|35000|2
337|Морозова Ф.И.|Ж|1989|2015|тестирование|QA Manager|45000|4
338|Васильева Я.Д.|М|1993|2016|тестирование|QA Manager|40000|7
339|Сидорова В.М.|Ж|1985|2017|тестирование|Тестировщик|55000|7
340|Гурова Д.Д.|Ж|1983|2019|HR|HR Аналитик|55000|5
341|Иванова З.Ф.|Ж|1992|2022|маркетинг|Менеджер по маркетингу|25000|2
342|Михайлова Д.Б.|Ж|1987|2014|тестирование|QA Manager|75000|9
343|Гурова И.Ж.|Ж|1990|2019|тестирование|Тестировщик|40000|6
344|Гурова С.Э.|М|1980|2008|HR|HR Аналитик|75000|8
345|Васильева В.Е.|Ж|1977|2014|разработка|Мобильный разработчик|65000|10
346|Гурова Ф.П.|М|1989|2017|тестирование|QA Manager|40000|7
347|Васильева С.Я.|М|1987|2020|разработка|DevOps|25000|1
348|Соловьёва У.Г.|М|1980|2007|HR|HR Manager|70000|8
349|Медведева Д.Ю.|Ж|1992|2018|разработка|Бизнес-аналитик|45000|6
350|Козловская А.С.|М|1976|2014|HR|HR Manager|60000|9
351|Медведева П.К.|Ж|1983|2020|маркетинг|Менеджер по маркетингу|30000|3
352|Козловская К.М.|Ж|1981|2013|тестирование|QA Manager|70000|10
353|Сидорова Р.Е.|Ж|1984|2020|тестирование|Тестировщик|30000|3
354|Козловская П.И.|М|1981|2003|маркетинг|Интернет-маркетолог|65000|11
355|Медведева А.А.|М|1992|2019|маркетинг|Интернет-маркетолог|55000|4
356|Морозова Я.О.|М|1989|2021|разработка|DevOps|35000|3
357|Гурова Н.Ф.|Ж|1994|2019|HR|HR Аналитик|40000|7
358|Васильева Я.Н.|М|1990|2015|тестирование|QA Manager|55000|6
359|Сидорова К.У.|М|1989|2015|HR|HR Manager|55000|6
360|Гурова Э.Ю.|М|1986|2019|маркетинг|Интернет-маркетолог|55000|4
361|Козловская В.Э.|М|1975|2009|разработка|Разработчик ПО|70000|12
362|Медведева М.Г.|М|1981|2022|тестирование|Тестировщик|30000|2
363|Воробьева Т.Л.|М|1977|2010|HR|HR Manager|70000|10
364|Сидорова М.К.|М|1992|2012|HR|HR Manager|75000|11
365|Козловская Ф.В.|М|1989|2017|маркетинг|Менеджер по маркетингу|50000|5
366|Морозова Т.Л.|Ж|1991|2020|разработка|Мобильный разработчик|25000|2
367|Гурова А.Р.|М|1981|2011|HR|HR Аналитик|60000|10
368|Козловская Р.Е.|М|1987|2006|разработка|Разработчик ПО|60000|8
369|Сидорова О.Ф.|М|1995|2017|тестирование|Тестировщик|45000|6
370|Михайлова Ж.И.|Ж|1990|2021|HR|HR Аналитик|30000|3
371|Гурова А.С.|М|1981|2004|маркетинг|Менеджер по маркетингу|70000|11
372|Васильева Б.В.|Ж|1987|2008|маркетинг|Менеджер по маркетингу|60000|12
373|Козловская Н.Р.|Ж|1977|2013|HR|HR Manager|75000|9
374|Воробьева Р.Л.|М|1975|1994|маркетинг|Менеджер по маркетингу|65000|9
375|Иванова А.Б.|М|1988|2014|разработка|Тимлид|75000|12
376|Сидорова Г.Я.|М|1991|2018|тестирование|Тестировщик|55000|6
377|Васильева А.Р.|М|1976|2017|HR|HR Аналитик|45000|6
378|Михайлова В.З.|М|1981|2021|маркетинг|Менеджер по маркетингу|20000|1
379|Козловская Б.Л.|М|1977|2019|тестирование|QA Manager|45000|6
380|Соловьёва М.Ф.|Ж|1986|2021|разработка|Мобильный разработчик|20000|1
381|Гурова А.М.|М|1977|2002|маркетинг|Менеджер по маркетингу|60000|9
382|Медведева Л.З.|Ж|1995|2022|разработка|DevOps|35000|1
383|Гурова Р.Ф.|М|1981|2012|тестирование|Тестировщик|70000|9
384|Гурова Ж.З.|М|1977|2009|разработка|DevOps|75000|12
385|Сидорова Т.Б.|Ж|1989|2022|разработка|Веб-дизайнер|35000|3
386|Медведева Я.Л.|Ж|1990|2013|разработка|Веб-дизайнер|75000|10
387|Медведева Ж.Ж.|М|1985|2008|HR|HR Аналитик|75000|9
388|Иванова С.А.|Ж|1987|2009|HR|HR Manager|65000|8
389|Михайлова Н.Ф.|Ж|1975|2008|HR|HR Manager|75000|12
390|Соловьёва О.П.|Ж|1993|2021|HR|HR Manager|25000|2
391|Соловьёва Ж.П.|М|1985|2011|разработка|DevOps|60000|8
392|Иванова У.И.|М|1988|2021|разработка|DevOps|20000|1
393|Васильева Ф.И.|Ж|1989|2010|маркетинг|Менеджер по маркетингу|75000|12
394|Медведева И.Р.|М|1994|2013|тестирование|QA Manager|75000|12
395|Воробьева Т.Т.|М|1990|2015|разработка|Веб-дизайнер|55000|7
396|Васильева В.А.|М|1989|2019|маркетинг|Менеджер по маркетингу|50000|6
397|Михайлова Р.И.|М|1983|2015|HR|HR Manager|55000|4
398|Медведева Г.Б.|Ж|1977|2020|разработка|Мобильный разработчик|35000|3
399|Соловьёва Я.Ж.|М|1993|2020|маркетинг|Менеджер по маркетингу|35000|2
400|Иванова Ю.Ю.|Ж|1995|2019|HR|HR Аналитик|40000|5
401|Воробьева П.Н.|М|1991|2018|маркетинг|Интернет-маркетолог|45000|5
402|Васильева В.Я.|Ж|1985|2017|маркетинг|Интернет-маркетолог|50000|4
403|Воробьева Э.Л.|Ж|1991|2020|тестирование|QA Manager|35000|3
404|Иванова К.Э.|Ж|1977|2003|разработка|DevOps|65000|9
405|Воробьева Р.Д.|Ж|1990|2008|разработка|Бизнес-аналитик|75000|8
406|Гурова Г.Ф.|М|1993|2020|разработка|Бизнес-аналитик|20000|1
407|Михайлова Г.У.|Ж|1981|2009|маркетинг|Менеджер по маркетингу|75000|11
408|Воробьева А.К.|Ж|1990|2016|HR|HR Manager|55000|6
409|Соловьёва З.Я.|М|1988|2020|разработка|Веб-дизайнер|25000|3
410|Сидорова П.Ж.|М|1982|2017|HR|HR Аналитик|55000|6
411|Морозова А.Р.|Ж|1992|2019|маркетинг|Интернет-маркетолог|50000|5
412|Морозова У.И.|Ж|1992|2021|маркетинг|Интернет-маркетолог|30000|3
413|Иванова Ф.Л.|Ж|1992|2017|маркетинг|Менеджер по маркетингу|55000|4
414|Васильева М.З.|Ж|1977|2007|разработка|Веб-дизайнер|70000|9
415|Гурова Ф.О.|М|1995|2021|HR|HR Manager|30000|2
416|Козловская Ж.Ю.|М|1975|2004|маркетинг|Интернет-маркетолог|70000|8
417|Воробьева Г.Ж.|М|1983|2016|HR|HR Аналитик|50000|7
418|Иванова Ж.Н.|Ж|1988|2010|маркетинг|Менеджер по маркетингу|70000|8
419|Иванова О.Ж.|М|1991|2010|HR|HR Аналитик|70000|11
420|Михайлова Ж.И.|М|1990|2019|разработка|Веб-дизайнер|40000|4
421|Сидорова Ф.С.|Ж|1989|2015|HR|HR Аналитик|55000|4
422|Морозова Б.Я.|М|1993|2022|маркетинг|Менеджер по маркетингу|20000|3
423|Морозова З.С.|Ж|1982|2022|HR|HR Аналитик|30000|3
424|Морозова Д.Б.|М|1977|2005|маркетинг|Менеджер по маркетингу|65000|8
425|Козловская У.Э.|М|1983|2022|тестирование|QA Manager|25000|2
426|Соловьёва С.У.|М|1984|2013|разработка|Веб-дизайнер|65000|12
427|Васильева В.К.|М|1980|2014|HR|HR Manager|60000|11
428|Иванова Я.Я.|М|1990|2021|разработка|Разработчик ПО|20000|3
429|Морозова Б.У.|М|1976|2021|тестирование|QA Manager|25000|2
430|Васильева Т.Е.|М|1977|2003|HR|HR Manager|65000|8
431|Михайлова Э.Э.|М|1991|2018|тестирование|QA Manager|55000|6
432|Михайлова Я.С.|Ж|1977|2014|маркетинг|Интернет-маркетолог|65000|9
433|Медведева А.П.|Ж|1988|2012|тестирование|QA Manager|70000|12
434|Медведева Б.Ю.|М|1992|2021|разработка|Тимлид|25000|3
435|Медведева З.Я.|М|1989|2011|тестирование|Тестировщик|70000|8
436|Гурова Э.Э.|М|1983|2018|маркетинг|Интернет-маркетолог|50000|4
437|Козловская Т.Е.|Ж|1982|2009|разработка|Тимлид|70000|12
438|Сидорова Р.З.|Ж|1985|2019|HR|HR Аналитик|45000|6
439|Иванова Г.П.|М|1978|2013|тестирование|Тестировщик|65000|8
440|Михайлова З.Я.|Ж|1992|2021|тестирование|Тестировщик|35000|2
441|Морозова Л.Ж.|М|1982|2008|HR|HR Manager|75000|9
442|Воробьева Ж.В.|М|1975|1994|тестирование|Тестировщик|60000|10
443|Михайлова Л.Д.|Ж|1977|2009|разработка|Мобильный разработчик|60000|11
444|Михайлова Э.Ю.|Ж|1976|2004|HR|HR Аналитик|70000|9
445|Сидорова К.С.|М|1993|2018|маркетинг|Интернет-маркетолог|50000|4
446|Воробьева В.З.|Ж|1995|2017|HR|HR Аналитик|45000|6
447|Иванова Я.Т.|М|1975|1996|тестирование|QA Manager|75000|11
448|Иванова Э.Э.|Ж|1981|2019|HR|HR Manager|55000|6
449|Васильева Д.Б.|Ж|1979|2007|маркетинг|Менеджер по маркетингу|60000|9
450|Морозова Ф.Я.|М|1977|2008|HR|HR Аналитик|70000|12
451|Воробьева Ф.П.|М|1985|2012|разработка|Бизнес-аналитик|75000|11
452|Козловская Ю.В.|М|1977|2020|тестирование|Тестировщик|25000|1
453|Соловьёва У.Т.|Ж|1990|2013|тестирование|QA Manager|65000|11
454|Иванова Л.И.|М|1992|2018|разработка|Тимлид|45000|5
455|Морозова Ж.В.|Ж|1985|2018|тестирование|QA Manager|50000|7
456|Васильева У.Б.|М|1977|2000|тестирование|Тестировщик|70000|8
457|Морозова У.Ж.|М|1982|2012|маркетинг|Интернет-маркетолог|65000|8
458|Сидорова Ф.Р.|Ж|1993|2016|тестирование|Тестировщик|50000|6
459|Соловьёва Д.З.|Ж|1989|2022|разработка|Мобильный разработчик|20000|1
460|Васильева Е.Т.|М|1982|2005|разработка|Веб-дизайнер|65000|9
461|Морозова Е.Ю.|Ж|1995|2018|HR|HR Аналитик|50000|6
462|Гурова М.П.|М|1987|2010|тестирование|QA Manager|60000|9
463|Морозова В.Ю.|Ж|1977|2011|тестирование|Тестировщик|65000|12
464|Морозова Р.Л.|Ж|1983|2013|тестирование|Тестировщик|60000|8
465|Сидорова Р.Л.|Ж|1985|2010|тестирование|QA Manager|70000|9
466|Медведева О.Н.|Ж|1986|2014|тестирование|QA Manager|75000|12
467|Козловская А.О.|Ж|1975|2007|маркетинг|Интернет-маркетолог|75000|8
468|Козловская Н.Д.|М|1976|2011|HR|HR Аналитик|75000|8
469|Васильева Т.П.|М|1988|2022|разработка|Бизнес-аналитик|30000|2
470|Соловьёва Ю.О.|М|1986|2015|маркетинг|Менеджер по маркетингу|55000|4
471|Иванова З.Н.|Ж|1988|2017|HR|HR Manager|50000|4
472|Васильева П.Ю.|Ж|1976|2015|разработка|Тимлид|50000|6
473|Соловьёва К.У.|Ж|1992|2020|маркетинг|Менеджер по маркетингу|20000|3
474|Сидорова Ю.З.|М|1981|2013|маркетинг|Менеджер по маркетингу|75000|9
475|Михайлова А.Е.|Ж|1980|2013|тестирование|QA Manager|65000|8
476|Сидорова Н.Э.|М|1991|2019|разработка|Бизнес-аналитик|45000|5
477|Михайлова Т.Н.|Ж|1995|2022|HR|HR Manager|25000|3
478|Сидорова Г.Я.|Ж|1988|2018|тестирование|Тестировщик|45000|4
479|Козловская М.П.|Ж|1991|2017|разработка|Разработчик ПО|45000|4
480|Воробьева М.О.|М|1989|2020|маркетинг|Менеджер по маркетингу|35000|1
481|Морозова Г.С.|Ж|1985|2016|HR|HR Аналитик|55000|6
482|Медведева М.К.|М|1986|2019|HR|HR Manager|50000|7
483|Соловьёва С.Т.|Ж|1982|2015|разработка|Разработчик ПО|50000|7
484|Соловьёва Т.В.|М|1994|2013|HR|HR Аналитик|75000|12
485|Михайлова Л.Ф.|Ж|1979|2008|разработка|Бизнес-аналитик|65000|8
486|Козловская К.Э.|М|1977|2007|маркетинг|Менеджер по маркетингу|70000|11
487|Сидорова Э.З.|М|1983|2009|HR|HR Manager|70000|11
488|Михайлова Ф.П.|М|1982|2019|тестирование|QA Manager|45000|5
489|Михайлова В.Д.|Ж|1993|2016|разработка|Мобильный разработчик|45000|6
490|Гурова Г.Р.|Ж|1986|2013|HR|HR Аналитик|75000|12
491|Морозова Я.Л.|М|1988|2018|HR|HR Manager|50000|7
492|Сидорова Л.Л.|Ж|1976|2022|HR|HR Аналитик|25000|3
493|Козловская М.Т.|Ж|1980|2014|разработка|Веб-дизайнер|70000|9
494|Сидорова Б.Я.|М|1992|2019|HR|HR Аналитик|55000|6
495|Медведева Я.П.|М|1991|2020|разработка|Веб-дизайнер|35000|1
496|Соловьёва Е.Ю.|М|1977|2010|HR|HR Аналитик|75000|9
497|Медведева Д.П.|Ж|1983|2019|разработка|Бизнес-аналитик|40000|4
498|Михайлова Ф.Л.|Ж|1992|2014|разработка|Разработчик ПО|65000|10
499|Гурова М.Р.|Ж|1983|2010|разработка|Веб-дизайнер|75000|12
500|Васильева Г.З.|М|1985|2014|HR|HR Аналитик|75000|11
501|Иванова З.Л.|Ж|1980|2013|HR|HR Manager|65000|9
502|Иванова С.Л.|Ж|1977|2002|разработка|Веб-дизайнер|65000|12
503|Сидорова Е.Н.|Ж|1982|2008|HR|HR Manager|60000|11
504|Козловская П.И.|Ж|1986|2021|маркетинг|Менеджер по маркетингу|30000|3
505|Козловская П.Б.|Ж|1981|2013|тестирование|Тестировщик|60000|8
506|Козловская Д.И.|Ж|1984|2022|маркетинг|Менеджер по маркетингу|25000|1
507|Михайлова Б.М.|М|1984|2022|маркетинг|Менеджер по маркетингу|30000|1
508|Воробьева Б.Э.|Ж|1989|2019|разработка|Бизнес-аналитик|55000|5
509|Михайлова Д.Г.|Ж|1978|2020|маркетинг|Менеджер по маркетингу|20000|3
510|Гурова Д.С.|Ж|1982|2016|тестирование|Тестировщик|50000|6
511|Козловская М.Н.|Ж|1987|2013|HR|HR Manager|60000|10
512|Морозова Ф.О.|М|1995|2021|маркетинг|Менеджер по маркетингу|20000|3
513|Гурова Н.К.|Ж|1984|2013|HR|HR Manager|70000|12
514|Соловьёва Д.Э.|Ж|1983|2019|HR|HR Manager|50000|7
515|Васильева Е.И.|М|1985|2014|HR|HR Manager|60000|12
516|Козловская Ф.Г.|Ж|1994|2015|разработка|DevOps|45000|6
517|Морозова Н.Ф.|Ж|1989|2008|тестирование|Тестировщик|60000|8
518|Васильева Л.Н.|Ж|1987|2012|тестирование|Тестировщик|70000|8
519|Михайлова О.В.|М|1990|2020|тестирование|Тестировщик|25000|3
520|Соловьёва Ж.Р.|Ж|1993|2012|разработка|DevOps|65000|12
521|Гурова Н.Ж.|М|1985|2015|маркетинг|Интернет-маркетолог|40000|6
522|Михайлова М.Е.|Ж|1975|2008|разработка|Бизнес-аналитик|70000|9
523|Соловьёва Т.И.|М|1980|2020|HR|HR Аналитик|25000|1
524|Соловьёва И.С.|Ж|1980|2000|тестирование|Тестировщик|70000|11
525|Воробьева В.Я.|М|1988|2019|маркетинг|Менеджер по маркетингу|55000|6
526|Соловьёва Е.Е.|Ж|1985|2009|тестирование|Тестировщик|70000|12
527|Козловская М.И.|Ж|1983|2018|разработка|Мобильный разработчик|45000|7
528|Гурова Р.П.|Ж|1988|2015|маркетинг|Интернет-маркетолог|55000|4
529|Воробьева В.З.|Ж|1987|2014|разработка|Мобильный разработчик|70000|10
530|Соловьёва Р.В.|Ж|1976|2008|HR|HR Manager|65000|10
531|Козловская У.Е.|М|1989|2017|маркетинг|Интернет-маркетолог|50000|6
532|Михайлова Т.А.|М|1981|2003|HR|HR Manager|75000|9
533|Васильева И.К.|Ж|1981|2009|разработка|Тимлид|60000|9
534|Медведева Г.Н.|Ж|1979|2012|HR|HR Аналитик|70000|10
535|Козловская Р.Д.|М|1986|2008|маркетинг|Интернет-маркетолог|60000|12
536|Соловьёва С.В.|М|1981|2012|HR|HR Manager|70000|9
537|Соловьёва Е.М.|Ж|1985|2017|тестирование|Тестировщик|45000|7
538|Сидорова Г.В.|Ж|1994|2021|HR|HR Аналитик|20000|2
539|Иванова Т.Ф.|М|1987|2019|разработка|Бизнес-аналитик|40000|5
540|Михайлова Ф.Н.|Ж|1986|2010|HR|HR Аналитик|60000|12
541|Медведева Е.М.|М|1988|2014|разработка|Мобильный разработчик|65000|12
542|Гурова К.Л.|Ж|1984|2022|разработка|DevOps|20000|1
543|Воробьева К.В.|М|1986|2015|тестирование|Тестировщик|50000|7
544|Козловская Я.У.|М|1982|2011|тестирование|QA Manager|70000|8
545|Васильева С.Р.|Ж|1981|2007|разработка|DevOps|65000|8
546|Сидорова Т.Н.|Ж|1987|2013|разработка|Разработчик ПО|70000|10
547|Морозова П.Ж.|Ж|1987|2011|разработка|Тимлид|70000|12
548|Иванова А.Л.|М|1990|2013|HR|HR Manager|60000|9
549|Васильева М.С.|М|1985|2009|маркетинг|Менеджер по маркетингу|70000|9
550|Иванова А.Ж.|Ж|1994|2019|HR|HR Аналитик|50000|6
551|Козловская Л.Ю.|М|1986|2021|HR|HR Аналитик|35000|2
552|Сидорова Ф.Т.|М|1982|2008|HR|HR Manager|65000|10
553|Медведева Я.М.|Ж|1975|2001|маркетинг|Менеджер по маркетингу|75000|9
554|Козловская Д.Е.|М|1981|2020|тестирование|Тестировщик|35000|1
555|Соловьёва Р.П.|М|1980|2000|HR|HR Аналитик|75000|9
556|Гурова К.Ж.|М|1980|2013|HR|HR Аналитик|60000|12
557|Михайлова О.У.|Ж|1976|2014|HR|HR Manager|75000|11
558|Соловьёва Я.М.|Ж|1976|2002|HR|HR Manager|60000|10
559|Воробьева О.Е.|Ж|1983|2012|тестирование|Тестировщик|75000|8
560|Гурова С.Н.|Ж|1978|2001|разработка|Бизнес-аналитик|70000|8
561|Иванова Ф.Ф.|Ж|1985|2015|HR|HR Manager|55000|6
562|Гурова Ю.З.|М|1978|2016|HR|HR Аналитик|50000|5
563|Гурова Я.Я.|М|1991|2021|тестирование|QA Manager|30000|3
564|Гурова Н.Ж.|М|1992|2022|HR|HR Manager|35000|3
565|Морозова Ж.С.|Ж|1984|2012|маркетинг|Интернет-маркетолог|60000|8
566|Морозова У.К.|М|1975|2017|тестирование|Тестировщик|55000|6
567|Воробьева Я.М.|Ж|1985|2022|разработка|Бизнес-аналитик|35000|2
568|Гурова И.Р.|М|1983|2018|разработка|DevOps|50000|7
569|Гурова Я.В.|Ж|1979|2022|маркетинг|Интернет-маркетолог|30000|2
570|Васильева Г.Р.|М|1984|2011|разработка|Веб-дизайнер|75000|11
571|Сидорова Е.Я.|Ж|1978|2006|разработка|Мобильный разработчик|75000|11
572|Козловская К.Э.|М|1979|2005|тестирование|Тестировщик|70000|9
573|Соловьёва Ф.З.|М|1984|2007|маркетинг|Интернет-маркетолог|70000|12
574|Козловская Н.Б.|Ж|1977|2002|тестирование|QA Manager|70000|11
575|Васильева Р.К.|М|1975|2011|тестирование|Тестировщик|65000|12
576|Иванова К.Т.|Ж|1985|2009|HR|HR Manager|75000|9
577|Васильева Т.Р.|М|1975|2015|тестирование|Тестировщик|45000|5
578|Гурова В.К.|Ж|1989|2021|HR|HR Manager|35000|2
579|Соловьёва Я.Т.|Ж|1984|2015|тестирование|QA Manager|55000|6
580|Сидорова Р.П.|Ж|1976|2011|разработка|Веб-дизайнер|75000|11
581|Гурова И.Я.|Ж|1989|2018|тестирование|Тестировщик|55000|5
582|Медведева М.В.|Ж|1980|2016|разработка|DevOps|55000|4
583|Воробьева Б.Ю.|М|1992|2022|тестирование|Тестировщик|30000|3
584|Медведева М.И.|Ж|1989|2010|тестирование|Тестировщик|60000|9
585|Михайлова В.И.|М|1990|2021|тестирование|Тестировщик|25000|2
586|Михайлова Е.Б.|М|1984|2010|HR|HR Аналитик|75000|12
587|Иванова Я.И.|Ж|1976|2005|тестирование|QA Manager|60000|8
588|Гурова Н.У.|Ж|1986|2008|разработка|Мобильный разработчик|75000|8
589|Иванова Е.Г.|Ж|1995|2021|тестирование|Тестировщик|35000|1
590|Васильева Ж.К.|Ж|1990|2016|маркетинг|Менеджер по маркетингу|45000|6
591|Козловская З.Р.|Ж|1985|2017|HR|HR Аналитик|40000|4
592|Михайлова Н.Р.|М|1975|2001|разработка|DevOps|75000|10
593|Иванова Ж.Н.|М|1977|2012|маркетинг|Интернет-маркетолог|65000|8
594|Соловьёва Г.Е.|М|1983|2006|разработка|Веб-дизайнер|70000|10
595|Гурова О.А.|М|1980|2012|разработка|Мобильный разработчик|70000|11
596|Козловская О.В.|Ж|1984|2006|разработка|Веб-дизайнер|65000|11
597|Сидорова Э.У.|Ж|1984|2016|маркетинг|Интернет-маркетолог|55000|5
598|Козловская Д.Н.|Ж|1977|2011|тестирование|Тестировщик|65000|8
599|Воробьева А.Р.|Ж|1994|2016|маркетинг|Интернет-маркетолог|50000|7
600|Иванова П.Н.|М|1983|2019|HR|HR Manager|50000|6
601|Морозова Я.Т.|М|1981|2007|маркетинг|Интернет-маркетолог|70000|9
602|Васильева Ф.Р.|М|1983|2022|маркетинг|Интернет-маркетолог|35000|1
603|Медведева В.Н.|Ж|1988|2013|маркетинг|Менеджер по маркетингу|65000|9
604|Козловская Б.К.|Ж|1992|2017|разработка|Тимлид|45000|5
605|Михайлова Э.Ж.|М|1983|2001|HR|HR Manager|65000|12
606|Иванова Г.Н.|Ж|1978|2003|маркетинг|Менеджер по маркетингу|75000|12
607|Васильева Ю.З.|М|1978|2007|маркетинг|Интернет-маркетолог|65000|11
608|Гурова С.Г.|М|1983|2018|маркетинг|Интернет-маркетолог|55000|6
609|Соловьёва З.Ф.|М|1982|2015|тестирование|QA Manager|50000|7
610|Сидорова Э.К.|Ж|1994|2022|разработка|Мобильный разработчик|35000|1
611|Гурова К.Т.|М|1995|2022|HR|HR Manager|20000|3
612|Медведева Я.Г.|Ж|1979|2015|маркетинг|Интернет-маркетолог|45000|4
613|Сидорова М.Н.|М|1983|2013|маркетинг|Интернет-маркетолог|65000|12
614|Михайлова Ф.С.|М|1985|2017|тестирование|Тестировщик|40000|7
615|Козловская М.Ф.|М|1983|2009|HR|HR Manager|60000|12
616|Морозова Г.Н.|М|1994|2017|разработка|Тимлид|55000|5
617|Иванова М.Ж.|Ж|1986|2018|разработка|Бизнес-аналитик|55000|7
618|Михайлова Б.С.|М|1990|2022|разработка|Тимлид|35000|1
619|Сидорова Ю.Н.|М|1978|2022|тестирование|Тестировщик|20000|1
620|Морозова Б.Ж.|Ж|1980|2022|тестирование|Тестировщик|30000|1
621|Морозова И.Д.|М|1975|2004|HR|HR Manager|60000|10
622|Васильева Г.Ю.|М|1982|2021|разработка|Разработчик ПО|20000|3
623|Михайлова К.Г.|М|1979|2003|HR|HR Manager|65000|10
624|Васильева Д.Б.|М|1993|2022|HR|HR Manager|35000|1
625|Соловьёва Э.Б.|Ж|1987|2022|разработка|Мобильный разработчик|35000|2
626|Козловская З.Р.|М|1991|2015|тестирование|QA Manager|45000|7
627|Соловьёва Д.В.|Ж|1992|2018|HR|HR Аналитик|50000|5
628|Козловская Б.Н.|Ж|1983|2017|HR|HR Аналитик|50000|7
629|Сидорова О.М.|Ж|1979|2011|HR|HR Manager|65000|12
630|Сидорова Р.А.|М|1988|2013|маркетинг|Менеджер по маркетингу|60000|9
631|Михайлова Б.Э.|М|1980|2016|маркетинг|Менеджер по маркетингу|45000|4
632|Медведева С.О.|Ж|1978|2017|тестирование|QA Manager|40000|5
633|Козловская А.С.|Ж|1992|2019|HR|HR Manager|50000|7
634|Козловская Н.Т.|Ж|1975|2008|разработка|Разработчик ПО|70000|9
635|Сидорова М.П.|М|1983|2021|HR|HR Аналитик|30000|3
636|Сидорова А.Г.|М|1975|2011|разработка|Веб-дизайнер|70000|11
637|Воробьева М.С.|Ж|1986|2010|HR|HR Manager|70000|10
638|Соловьёва Э.Я.|Ж|1991|2020|разработка|Тимлид|20000|1
639|Соловьёва Г.Э.|Ж|1977|2008|разработка|Тимлид|65000|10
640|Морозова З.И.|Ж|1987|2017|тестирование|QA Manager|55000|4
641|Иванова Б.О.|Ж|1982|2001|разработка|Мобильный разработчик|70000|11
642|Медведева Л.В.|Ж|1980|2008|маркетинг|Менеджер по маркетингу|65000|10
643|Иванова Э.Т.|М|1976|2010|маркетинг|Интернет-маркетолог|60000|12
644|Иванова Т.Г.|М|1978|2014|тестирование|QA Manager|75000|12
645|Гурова С.У.|М|1977|2016|HR|HR Аналитик|40000|5
646|Михайлова Б.Н.|Ж|1992|2013|тестирование|Тестировщик|60000|9
647|Медведева В.С.|М|1981|2008|HR|HR Аналитик|70000|10
648|Сидорова В.Н.|М|1991|2021|маркетинг|Интернет-маркетолог|30000|2
649|Морозова Т.К.|Ж|1976|2019|HR|HR Manager|40000|5
650|Морозова Ф.Д.|Ж|1984|2018|разработка|Веб-дизайнер|40000|5
651|Иванова Л.Б.|Ж|1985|2020|тестирование|QA Manager|35000|2
652|Соловьёва Р.У.|Ж|1983|2022|тестирование|QA Manager|25000|3
653|Медведева Е.Е.|Ж|1979|2002|разработка|Веб-дизайнер|70000|8
654|Козловская В.В.|Ж|1975|2022|разработка|Разработчик ПО|20000|1
655|Соловьёва С.Т.|М|1985|2020|маркетинг|Менеджер по маркетингу|20000|3
656|Сидорова Р.А.|М|1981|2015|HR|HR Аналитик|45000|6
657|Михайлова Ж.Г.|Ж|1976|2009|HR|HR Manager|75000|10
658|Морозова К.С.|М|1986|2014|маркетинг|Менеджер по маркетингу|60000|9
659|Соловьёва Р.А.|Ж|1978|2010|HR|HR Manager|70000|8
660|Михайлова А.Ю.|М|1987|2008|маркетинг|Интернет-маркетолог|65000|10
661|Воробьева Л.Б.|Ж|1984|2016|разработка|Мобильный разработчик|40000|7
662|Гурова О.А.|М|1983|2022|маркетинг|Менеджер по маркетингу|20000|2
663|Морозова Ю.Ю.|М|1986|2014|маркетинг|Интернет-маркетолог|70000|9
664|Иванова М.В.|Ж|1986|2022|тестирование|QA Manager|30000|3
665|Михайлова Г.К.|Ж|1981|2003|маркетинг|Интернет-маркетолог|70000|11
666|Иванова М.Т.|Ж|1983|2017|маркетинг|Интернет-маркетолог|40000|6
667|Воробьева Е.Ж.|М|1987|2022|тестирование|QA Manager|25000|3
668|Соловьёва Ю.П.|Ж|1995|2020|разработка|DevOps|25000|3
669|Медведева Н.У.|Ж|1979|2022|разработка|Разработчик ПО|35000|2
670|Сидорова Э.Г.|Ж|1981|2010|HR|HR Аналитик|65000|12
671|Михайлова К.Р.|Ж|1983|2004|HR|HR Manager|70000|11
672|Соловьёва И.С.|Ж|1990|2018|разработка|Тимлид|50000|5
673|Козловская И.Б.|Ж|1982|2008|маркетинг|Менеджер по маркетингу|65000|11
674|Воробьева Е.Е.|М|1978|2018|тестирование|QA Manager|40000|5
675|Морозова О.Р.|Ж|1990|2012|маркетинг|Интернет-маркетолог|70000|9
676|Соловьёва Д.Е.|Ж|1989|2021|разработка|Разработчик ПО|20000|2
677|Козловская Л.У.|М|1983|2016|разработка|Веб-дизайнер|50000|5
678|Медведева Р.Г.|М|1977|2004|маркетинг|Интернет-маркетолог|60000|9
679|Козловская М.В.|М|1984|2016|тестирование|Тестировщик|50000|5
680|Воробьева Э.Е.|Ж|1977|2005|маркетинг|Менеджер по маркетингу|70000|8
681|Морозова Г.О.|Ж|1980|2021|разработка|Тимлид|20000|3
682|Михайлова К.К.|М|1978|2019|HR|HR Аналитик|55000|4
683|Гурова Г.Г.|М|1989|2022|разработка|Тимлид|25000|3
684|Сидорова Ж.З.|Ж|1978|2015|тестирование|QA Manager|55000|6
685|Морозова Е.Н.|Ж|1986|2011|HR|HR Manager|60000|12
686|Козловская Д.М.|Ж|1975|2009|маркетинг|Менеджер по маркетингу|70000|8
687|Козловская Р.М.|М|1994|2015|маркетинг|Менеджер по маркетингу|55000|6
688|Гурова Э.Ю.|М|1994|2019|маркетинг|Интернет-маркетолог|40000|6
689|Васильева Ж.Т.|Ж|1985|2008|тестирование|QA Manager|60000|8
690|Воробьева Ю.Я.|Ж|1984|2005|тестирование|QA Manager|60000|12
691|Соловьёва Т.Л.|Ж|1979|2013|тестирование|Тестировщик|75000|8
692|Васильева С.Б.|Ж|1985|2020|маркетинг|Интернет-маркетолог|25000|1
693|Иванова Е.С.|М|1993|2022|маркетинг|Интернет-маркетолог|30000|2
694|Михайлова Н.С.|Ж|1987|2013|маркетинг|Менеджер по маркетингу|70000|11
695|Морозова Л.Н.|М|1994|2019|разработка|Веб-дизайнер|45000|6
696|Козловская З.Л.|Ж|1976|2003|маркетинг|Менеджер по маркетингу|70000|10
697|Медведева Э.П.|Ж|1980|2007|разработка|DevOps|75000|11
698|Васильева Л.В.|М|1987|2013|маркетинг|Менеджер по маркетингу|60000|9
699|Иванова М.Л.|Ж|1980|2008|маркетинг|Менеджер по маркетингу|70000|11
700|Козловская С.Е.|Ж|1987|2007|маркетинг|Интернет-маркетолог|60000|8
701|Соловьёва Я.Э.|М|1979|2020|разработка|Разработчик ПО|20000|1
702|Михайлова С.Д.|Ж|1985|2010|маркетинг|Интернет-маркетолог|75000|8
703|Иванова К.Я.|М|1981|2003|разработка|Бизнес-аналитик|65000|12
704|Сидорова Я.О.|Ж|1976|2003|HR|HR Manager|60000|8
705|Иванова В.Б.|М|1984|2021|HR|HR Manager|20000|3
706|Соловьёва Л.И.|Ж|1976|2006|разработка|Бизнес-аналитик|75000|8
707|Иванова Б.П.|М|1981|2006|разработка|Разработчик ПО|75000|8
708|Соловьёва П.Ж.|Ж|1976|2010|маркетинг|Интернет-маркетолог|70000|12
709|Соловьёва В.Э.|Ж|1983|2015|тестирование|QA Manager|40000|7
710|Воробьева К.И.|Ж|1994|2012|разработка|DevOps|65000|9
711|Морозова Я.Ф.|М|1993|2017|разработка|Бизнес-аналитик|45000|6
712|Сидорова У.П.|М|1992|2020|тестирование|Тестировщик|25000|3
713|Соловьёва Ф.У.|Ж|1977|2001|HR|HR Аналитик|75000|9
714|Козловская К.П.|Ж|1975|2002|разработка|DevOps|70000|8
715|Медведева Т.Я.|М|1992|2021|маркетинг|Интернет-маркетолог|20000|3
716|Соловьёва Ж.Л.|М|1978|2005|HR|HR Аналитик|65000|11
717|Иванова З.К.|М|1984|2011|HR|HR Аналитик|75000|12
718|Иванова Г.Я.|Ж|1995|2021|маркетинг|Менеджер по маркетингу|30000|3
719|Соловьёва Л.Л.|М|1990|2016|HR|HR Manager|55000|6
720|Сидорова К.Д.|М|1981|2012|маркетинг|Интернет-маркетолог|60000|11
721|Медведева Е.И.|Ж|1991|2015|HR|HR Аналитик|50000|7
722|Козловская З.Н.|Ж|1977|2016|тестирование|Тестировщик|40000|6
723|Михайлова Ю.А.|Ж|1992|2018|разработка|Бизнес-аналитик|45000|6
724|Медведева И.А.|М|1992|2017|маркетинг|Интернет-маркетолог|55000|7
725|Гурова И.Д.|Ж|1987|2018|маркетинг|Интернет-маркетолог|45000|7
726|Морозова У.Г.|Ж|1975|2019|разработка|DevOps|45000|5
727|Сидорова З.В.|Ж|1991|2020|HR|HR Manager|20000|3
728|Гурова Э.Ю.|Ж|1988|2017|HR|HR Аналитик|45000|6
729|Васильева Т.Т.|М|1990|2019|разработка|DevOps|45000|4
730|Воробьева У.У.|М|1985|2012|тестирование|Тестировщик|70000|10
731|Сидорова Ф.Г.|Ж|1975|2000|тестирование|Тестировщик|65000|8
732|Сидорова И.А.|М|1986|2018|тестирование|QA Manager|45000|6
733|Соловьёва С.С.|Ж|1988|2016|разработка|Разработчик ПО|55000|7
734|Соловьёва В.И.|Ж|1976|2020|тестирование|QA Manager|25000|2
735|Козловская Я.Ф.|М|1994|2021|маркетинг|Менеджер по маркетингу|35000|3
736|Гурова Т.Л.|Ж|1975|1995|разработка|Тимлид|70000|8
737|Медведева Т.У.|Ж|1982|2020|разработка|Бизнес-аналитик|25000|1
738|Михайлова Б.Ф.|М|1989|2019|HR|HR Manager|50000|7
739|Козловская Ф.А.|М|1975|2010|разработка|Разработчик ПО|70000|9
740|Васильева Ю.У.|М|1994|2015|HR|HR Аналитик|40000|6
741|Медведева Ф.Б.|Ж|1979|2009|HR|HR Manager|75000|8
742|Воробьева Я.Э.|М|1977|2005|HR|HR Аналитик|60000|12
743|Гурова И.Б.|М|1981|2020|маркетинг|Менеджер по маркетингу|25000|2
744|Сидорова Ж.Ю.|Ж|1985|2018|тестирование|QA Manager|50000|7
745|Морозова Р.Э.|М|1992|2017|разработка|Тимлид|40000|6
746|Соловьёва П.В.|М|1992|2020|маркетинг|Менеджер по маркетингу|25000|1
747|Сидорова В.Л.|Ж|1980|2005|тестирование|QA Manager|70000|10
748|Морозова А.Я.|Ж|1991|2021|разработка|Тимлид|20000|2
749|Медведева И.В.|М|1988|2012|маркетинг|Менеджер по маркетингу|70000|11
750|Медведева Э.Э.|Ж|1984|2017|разработка|Мобильный разработчик|55000|7
751|Соловьёва Т.У.|М|1985|2022|маркетинг|Менеджер по маркетингу|30000|1
752|Сидорова О.Е.|Ж|1995|2020|тестирование|Тестировщик|20000|1
753|Сидорова З.Я.|М|1994|2022|маркетинг|Менеджер по маркетингу|20000|1
754|Сидорова Н.П.|М|1988|2021|тестирование|Тестировщик|35000|1
755|Воробьева Г.Я.|Ж|1986|2011|HR|HR Manager|75000|10
756|Васильева Е.Ю.|Ж|1985|2016|разработка|Мобильный разработчик|45000|7
757|Козловская Э.С.|М|1978|2012|HR|HR Аналитик|60000|8
758|Козловская С.Ю.|Ж|1984|2017|HR|HR Manager|40000|5
759|Воробьева В.Т.|М|1992|2019|тестирование|QA Manager|50000|4
760|Козловская Ю.Р.|Ж|1977|2019|разработка|Веб-дизайнер|50000|5
761|Воробьева Т.С.|Ж|1994|2022|разработка|Веб-дизайнер|35000|1
762|Иванова Ф.С.|М|1981|2006|тестирование|QA Manager|70000|12
763|Воробьева В.Э.|М|1983|2022|маркетинг|Интернет-маркетолог|25000|1
764|Воробьева Ж.Е.|М|1995|2019|разработка|Тимлид|45000|4
765|Воробьева О.И.|Ж|1994|2021|разработка|Веб-дизайнер|35000|1
766|Гурова Е.Г.|Ж|1985|2016|HR|HR Аналитик|55000|7
767|Михайлова А.Г.|М|1975|2003|маркетинг|Интернет-маркетолог|65000|11
768|Михайлова М.С.|М|1994|2020|тестирование|QA Manager|35000|1
769|Михайлова К.Л.|М|1979|2022|разработка|Веб-дизайнер|20000|1
770|Васильева У.Н.|М|1977|2004|HR|HR Аналитик|60000|10
771|Михайлова К.С.|М|1986|2005|разработка|Мобильный разработчик|60000|9
772|Козловская О.Я.|Ж|1988|2021|маркетинг|Менеджер по маркетингу|20000|1
773|Васильева Э.О.|М|1988|2011|тестирование|Тестировщик|70000|8
774|Иванова Н.Ф.|М|1988|2013|разработка|Разработчик ПО|75000|8
775|Михайлова И.У.|М|1989|2018|тестирование|QA Manager|50000|5
776|Иванова А.О.|М|1992|2012|разработка|Веб-дизайнер|75000|12
777|Козловская В.П.|М|1982|2019|тестирование|QA Manager|55000|5
778|Михайлова Н.Р.|Ж|1983|2020|тестирование|QA Manager|35000|1
779|Морозова Ф.У.|М|1992|2020|маркетинг|Интернет-маркетолог|20000|2
780|Воробьева Д.П.|Ж|1979|2006|тестирование|QA Manager|65000|12
781|Иванова А.М.|Ж|1975|2015|HR|HR Manager|50000|6
782|Гурова Н.Г.|М|1990|2020|разработка|Бизнес-аналитик|25000|1
783|Медведева З.К.|М|1990|2018|HR|HR Аналитик|45000|6
784|Гурова М.Ф.|Ж|1984|2008|маркетинг|Интернет-маркетолог|65000|11
785|Иванова У.Н.|Ж|1995|2017|тестирование|QA Manager|40000|5
786|Медведева Ф.У.|М|1987|2020|разработка|Бизнес-аналитик|25000|3
787|Козловская Н.П.|Ж|1990|2017|маркетинг|Менеджер по маркетингу|55000|5
788|Морозова Э.Я.|М|1981|2018|маркетинг|Менеджер по маркетингу|55000|6
789|Морозова Ф.С.|М|1982|2014|разработка|DevOps|60000|11
790|Воробьева Ж.П.|М|1984|2014|маркетинг|Менеджер по маркетингу|65000|12
791|Васильева Н.В.|Ж|1975|1999|разработка|Разработчик ПО|70000|8
792|Иванова Б.Я.|Ж|1979|2010|HR|HR Аналитик|60000|12
793|Морозова П.К.|М|1979|2009|HR|HR Manager|70000|8
794|Медведева А.О.|Ж|1982|2005|маркетинг|Интернет-маркетолог|60000|12
795|Козловская Т.Р.|М|1991|2020|маркетинг|Интернет-маркетолог|25000|1
796|Иванова Л.М.|М|1992|2022|HR|HR Manager|30000|1
797|Михайлова Ю.Ж.|Ж|1994|2014|тестирование|QA Manager|65000|12
798|Морозова Н.Я.|Ж|1977|2022|маркетинг|Интернет-маркетолог|35000|3
799|Соловьёва Р.З.|М|1994|2021|маркетинг|Менеджер по маркетингу|30000|2
800|Соловьёва Ф.Д.|М|1994|2021|тестирование|QA Manager|30000|1
801|Васильева Я.П.|М|1985|2009|разработка|Мобильный разработчик|65000|11
802|Воробьева Л.Ж.|М|1980|2021|маркетинг|Менеджер по маркетингу|20000|2
803|Козловская Ф.О.|Ж|1983|2021|разработка|Разработчик ПО|35000|1
804|Воробьева Г.Ж.|Ж|1987|2014|разработка|Разработчик ПО|70000|9
805|Сидорова З.О.|Ж|1982|2018|разработка|DevOps|45000|7
806|Михайлова Э.Ю.|Ж|1978|2002|HR|HR Manager|65000|9
807|Морозова Ф.Ю.|Ж|1995|2021|разработка|Мобильный разработчик|25000|1
808|Воробьева Э.А.|М|1991|2020|тестирование|Тестировщик|30000|3
809|Гурова Я.Л.|Ж|1988|2011|HR|HR Manager|65000|10
810|Козловская В.Б.|М|1982|2009|разработка|Разработчик ПО|65000|12
811|Васильева Е.Ю.|М|1985|2018|HR|HR Manager|40000|5
812|Михайлова Р.Т.|М|1991|2017|тестирование|Тестировщик|55000|5
813|Морозова Л.Д.|Ж|1980|2008|тестирование|Тестировщик|70000|9
814|Соловьёва Л.О.|Ж|1981|2013|HR|HR Аналитик|60000|12
815|Козловская Я.Е.|Ж|1985|2021|тестирование|Тестировщик|30000|3
816|Сидорова В.Ф.|М|1981|2008|разработка|DevOps|65000|10
817|Козловская А.Л.|М|1980|2021|тестирование|Тестировщик|30000|1
818|Медведева В.Р.|М|1992|2020|HR|HR Manager|20000|2
819|Сидорова Ю.Р.|Ж|1990|2022|HR|HR Manager|35000|3
820|Морозова А.К.|М|1985|2016|тестирование|Тестировщик|45000|5
821|Морозова Л.Ю.|Ж|1986|2008|разработка|Тимлид|60000|12
822|Васильева П.Я.|М|1985|2016|тестирование|QA Manager|40000|5
823|Медведева О.Ф.|Ж|1977|2004|тестирование|QA Manager|60000|10
824|Сидорова И.Ю.|Ж|1979|2019|разработка|DevOps|45000|6
825|Медведева Э.Ю.|Ж|1980|2022|маркетинг|Менеджер по маркетингу|30000|1
826|Иванова С.А.|Ж|1985|2015|тестирование|QA Manager|45000|7
827|Воробьева Р.В.|Ж|1977|2004|разработка|Тимлид|70000|9
828|Гурова Р.П.|М|1994|2015|HR|HR Аналитик|40000|5
829|Сидорова П.Ю.|М|1995|2020|тестирование|QA Manager|20000|1
830|Васильева У.Д.|Ж|1984|2017|разработка|Тимлид|45000|7
831|Сидорова С.М.|Ж|1986|2019|разработка|Разработчик ПО|45000|4
832|Морозова Н.Ф.|М|1993|2017|HR|HR Manager|45000|6
833|Воробьева Э.М.|М|1995|2016|тестирование|Тестировщик|55000|7
834|Иванова Ф.И.|М|1992|2012|HR|HR Аналитик|75000|8
835|Козловская Р.Р.|Ж|1980|2012|маркетинг|Менеджер по маркетингу|75000|10
836|Сидорова Г.А.|М|1991|2015|HR|HR Manager|45000|5
837|Васильева Ф.И.|Ж|1993|2021|маркетинг|Менеджер по маркетингу|30000|2
838|Медведева З.Б.|М|1985|2019|тестирование|QA Manager|50000|5
839|Воробьева О.В.|М|1987|2014|разработка|Разработчик ПО|60000|10
840|Иванова Р.В.|М|1991|2020|разработка|DevOps|35000|1
841|Сидорова Л.Л.|М|1984|2021|маркетинг|Менеджер по маркетингу|25000|3
842|Сидорова Э.К.|Ж|1982|2010|маркетинг|Менеджер по маркетингу|70000|9
843|Козловская Д.Н.|Ж|1990|2021|маркетинг|Менеджер по маркетингу|20000|1
844|Медведева Б.Т.|М|1992|2019|тестирование|Тестировщик|40000|4
845|Воробьева Т.Н.|Ж|1984|2014|тестирование|Тестировщик|65000|10
846|Гурова П.Ф.|М|1979|2005|HR|HR Manager|70000|10
847|Сидорова В.Р.|Ж|1988|2018|разработка|Бизнес-аналитик|40000|4
848|Сидорова З.С.|М|1988|2021|тестирование|Тестировщик|35000|3
849|Сидорова Г.Н.|М|1978|2014|разработка|Веб-дизайнер|70000|9
850|Медведева Б.П.|М|1991|2017|маркетинг|Интернет-маркетолог|50000|4
851|Васильева А.Ф.|Ж|1984|2007|HR|HR Manager|65000|11
852|Гурова А.К.|М|1986|2015|тестирование|QA Manager|50000|4
853|Сидорова Ю.П.|М|1988|2012|HR|HR Аналитик|70000|9
854|Соловьёва Р.О.|М|1985|2010|тестирование|QA Manager|75000|12
855|Морозова Н.Т.|Ж|1984|2008|разработка|DevOps|75000|12
856|Козловская У.М.|Ж|1981|2003|маркетинг|Интернет-маркетолог|75000|10
857|Гурова Г.Д.|Ж|1985|2020|маркетинг|Интернет-маркетолог|30000|1
858|Козловская К.Я.|Ж|1981|2017|маркетинг|Менеджер по маркетингу|40000|4
859|Медведева Л.Б.|М|1986|2013|маркетинг|Интернет-маркетолог|60000|12
860|Козловская Е.В.|Ж|1994|2021|тестирование|Тестировщик|20000|3
861|Сидорова О.Е.|М|1991|2018|тестирование|QA Manager|45000|6
862|Воробьева П.К.|Ж|1983|2020|HR|HR Аналитик|20000|3
863|Иванова К.Р.|Ж|1989|2022|разработка|Мобильный разработчик|25000|1
864|Сидорова В.Э.|М|1976|2001|разработка|Тимлид|75000|9
865|Васильева К.С.|М|1977|2020|маркетинг|Менеджер по маркетингу|20000|2
866|Воробьева Е.У.|Ж|1978|2011|маркетинг|Менеджер по маркетингу|75000|8
867|Михайлова Н.И.|М|1978|1999|HR|HR Manager|60000|12
868|Соловьёва К.В.|М|1987|2020|HR|HR Manager|35000|3
869|Соловьёва М.Е.|М|1985|2008|маркетинг|Интернет-маркетолог|65000|8
870|Соловьёва Г.Ф.|Ж|1981|2020|маркетинг|Менеджер по маркетингу|35000|2
871|Козловская Ф.В.|М|1988|2022|тестирование|Тестировщик|35000|2
872|Козловская А.Ю.|Ж|1978|2011|HR|HR Manager|75000|11
873|Михайлова У.И.|Ж|1991|2022|HR|HR Manager|30000|3
874|Сидорова Я.Ю.|Ж|1984|2017|маркетинг|Интернет-маркетолог|55000|4
875|Козловская П.Г.|Ж|1990|2015|разработка|Бизнес-аналитик|50000|7
876|Воробьева Ю.Е.|Ж|1984|2012|маркетинг|Менеджер по маркетингу|65000|10
877|Васильева П.З.|Ж|1990|2014|разработка|Мобильный разработчик|65000|12
878|Соловьёва Н.Э.|Ж|1985|2009|маркетинг|Менеджер по маркетингу|75000|11
879|Гурова О.К.|Ж|1984|2012|тестирование|QA Manager|60000|11
880|Соловьёва Л.О.|М|1989|2017|маркетинг|Интернет-маркетолог|55000|7
881|Медведева Н.З.|М|1985|2004|тестирование|QA Manager|70000|10
882|Соловьёва Я.З.|Ж|1993|2019|тестирование|Тестировщик|50000|5
883|Козловская Ю.Т.|Ж|1992|2022|тестирование|Тестировщик|20000|2
884|Васильева М.Р.|Ж|1985|2017|тестирование|Тестировщик|55000|6
885|Михайлова Ю.Ю.|Ж|1991|2018|разработка|Мобильный разработчик|45000|7
886|Медведева Д.М.|Ж|1985|2020|маркетинг|Менеджер по маркетингу|35000|1
887|Сидорова Г.Н.|М|1981|2021|разработка|Бизнес-аналитик|35000|1
888|Козловская Б.Э.|М|1985|2009|разработка|Разработчик ПО|70000|8
889|Медведева Б.К.|Ж|1979|2007|тестирование|QA Manager|60000|10
890|Воробьева З.Ф.|Ж|1983|2013|HR|HR Manager|60000|11
891|Козловская Ф.Ж.|Ж|1979|2008|разработка|DevOps|60000|8
892|Михайлова А.Т.|М|1987|2022|HR|HR Аналитик|35000|2
893|Иванова Л.А.|М|1987|2020|тестирование|Тестировщик|25000|1
894|Медведева Л.Б.|М|1983|2009|тестирование|Тестировщик|60000|12
895|Воробьева П.З.|Ж|1976|2018|разработка|Бизнес-аналитик|50000|6
896|Морозова П.П.|М|1988|2016|разработка|Мобильный разработчик|50000|6
897|Козловская У.Ю.|М|1984|2016|разработка|Мобильный разработчик|55000|4
898|Козловская Н.Б.|Ж|1984|2014|маркетинг|Интернет-маркетолог|65000|12
899|Морозова Э.Э.|Ж|1985|2014|разработка|Веб-дизайнер|70000|10
900|Морозова С.У.|Ж|1977|2020|HR|HR Manager|35000|2
901|Соловьёва И.О.|Ж|1990|2014|разработка|Веб-дизайнер|75000|11
902|Воробьева Ю.У.|М|1992|2022|HR|HR Аналитик|25000|3
903|Иванова Ю.Ж.|М|1979|2008|HR|HR Аналитик|75000|9
904|Козловская У.Н.|М|1985|2020|HR|HR Manager|25000|1
905|Козловская А.И.|Ж|1977|2014|маркетинг|Интернет-маркетолог|75000|9
906|Гурова Л.Р.|М|1987|2020|разработка|Бизнес-аналитик|25000|3
907|Васильева Т.М.|Ж|1976|2012|разработка|DevOps|70000|8
908|Васильева М.З.|Ж|1993|2018|тестирование|QA Manager|40000|7
909|Михайлова Л.У.|Ж|1990|2019|HR|HR Manager|40000|4
910|Воробьева Р.Т.|М|1995|2021|тестирование|QA Manager|30000|3
911|Соловьёва С.Г.|М|1993|2019|разработка|Тимлид|50000|7
912|Михайлова Л.И.|М|1976|2011|разработка|Разработчик ПО|60000|11
913|Козловская Ж.Е.|Ж|1992|2015|маркетинг|Менеджер по маркетингу|55000|4
914|Иванова Н.Н.|Ж|1995|2019|маркетинг|Интернет-маркетолог|40000|5
915|Медведева И.Д.|М|1985|2010|разработка|Тимлид|60000|12
916|Михайлова Д.Б.|Ж|1989|2011|HR|HR Manager|60000|9
917|Иванова Т.Г.|Ж|1992|2019|тестирование|QA Manager|50000|7
918|Гурова С.З.|Ж|1982|2022|тестирование|QA Manager|20000|1
919|Иванова Я.У.|М|1982|2017|разработка|Бизнес-аналитик|40000|6
920|Козловская Я.В.|Ж|1987|2011|разработка|DevOps|75000|12
921|Медведева С.Р.|М|1988|2015|разработка|Тимлид|55000|7
922|Медведева У.С.|Ж|1977|2022|тестирование|Тестировщик|35000|1
923|Морозова Г.Р.|М|1978|2022|разработка|DevOps|25000|3
924|Козловская Т.Т.|Ж|1990|2022|разработка|Бизнес-аналитик|30000|1
925|Соловьёва М.К.|М|1977|2004|HR|HR Аналитик|75000|10
926|Соловьёва Б.В.|М|1993|2018|маркетинг|Менеджер по маркетингу|55000|4
927|Сидорова Н.О.|М|1977|2001|разработка|Тимлид|65000|12
928|Соловьёва О.Д.|М|1989|2022|разработка|Веб-дизайнер|30000|3
929|Морозова У.Ю.|М|1975|2003|тестирование|QA Manager|65000|8
930|Гурова Ф.Б.|М|1981|2006|разработка|Тимлид|75000|10
931|Соловьёва У.У.|Ж|1994|2021|тестирование|Тестировщик|20000|2
932|Соловьёва У.Г.|М|1989|2022|разработка|DevOps|30000|1
933|Медведева Э.Ф.|М|1991|2020|маркетинг|Интернет-маркетолог|35000|2
934|Васильева О.Ф.|М|1982|2022|HR|HR Manager|25000|2
935|Козловская Д.Э.|Ж|1986|2021|разработка|Веб-дизайнер|35000|1
936|Михайлова Т.Н.|М|1991|2012|HR|HR Аналитик|75000|9
937|Михайлова О.Ю.|Ж|1978|2019|маркетинг|Интернет-маркетолог|50000|4
938|Иванова Ю.Э.|М|1987|2016|HR|HR Manager|50000|5
939|Козловская И.В.|М|1986|2011|тестирование|QA Manager|75000|12
940|Михайлова Я.Д.|М|1981|2011|тестирование|QA Manager|65000|8
941|Иванова Я.Ф.|Ж|1975|2004|тестирование|Тестировщик|75000|9
942|Иванова Л.У.|М|1979|2013|тестирование|Тестировщик|65000|11
943|Сидорова Д.Э.|Ж|1986|2013|тестирование|QA Manager|75000|11
944|Морозова Н.О.|Ж|1992|2016|HR|HR Manager|55000|5
945|Козловская Л.Л.|М|1992|2021|HR|HR Manager|30000|2
946|Морозова О.З.|М|1976|2018|HR|HR Аналитик|40000|5
947|Медведева Г.Я.|Ж|1991|2018|разработка|Разработчик ПО|55000|7
948|Воробьева В.Ф.|Ж|1981|1999|разработка|Тимлид|60000|8
949|Медведева Т.Ж.|М|1984|2013|разработка|Мобильный разработчик|60000|8
950|Сидорова Р.З.|Ж|1986|2015|тестирование|QA Manager|40000|4
951|Гурова В.В.|М|1978|2022|разработка|DevOps|35000|1
952|Морозова З.Я.|М|1988|2018|маркетинг|Интернет-маркетолог|40000|7
953|Сидорова М.Г.|Ж|1980|2016|разработка|Разработчик ПО|50000|6
954|Васильева М.Н.|Ж|1986|2006|HR|HR Аналитик|65000|10
955|Морозова В.А.|Ж|1993|2021|тестирование|QA Manager|30000|1
956|Морозова Т.Д.|М|1990|2018|тестирование|QA Manager|50000|5
957|Гурова К.Ю.|М|1995|2021|маркетинг|Менеджер по маркетингу|35000|3
958|Михайлова Г.Р.|Ж|1978|2008|разработка|Веб-дизайнер|70000|11
959|Гурова Ж.А.|Ж|1995|2016|тестирование|Тестировщик|45000|4
960|Козловская Н.Я.|Ж|1995|2019|HR|HR Аналитик|45000|4
961|Гурова Р.В.|Ж|1995|2021|маркетинг|Менеджер по маркетингу|25000|1
962|Сидорова Я.Р.|Ж|1995|2018|разработка|Мобильный разработчик|40000|6
963|Соловьёва В.Д.|М|1989|2016|маркетинг|Интернет-маркетолог|40000|6
964|Васильева Т.Ж.|М|1988|2009|тестирование|QA Manager|70000|10
965|Козловская Р.В.|Ж|1987|2019|разработка|Бизнес-аналитик|45000|7
966|Козловская Э.Б.|Ж|1995|2021|маркетинг|Интернет-маркетолог|25000|2
967|Медведева А.Л.|Ж|1975|2022|тестирование|QA Manager|30000|2
968|Васильева Р.П.|Ж|1979|2003|тестирование|Тестировщик|75000|10
969|Васильева Б.Л.|Ж|1985|2013|тестирование|Тестировщик|75000|12
970|Морозова К.Н.|М|1985|2017|HR|HR Manager|40000|7
971|Медведева И.Д.|М|1994|2022|разработка|Веб-дизайнер|35000|3
972|Михайлова К.Т.|Ж|1995|2020|маркетинг|Интернет-маркетолог|25000|1
973|Воробьева Ж.З.|М|1994|2018|маркетинг|Менеджер по маркетингу|50000|7
974|Соловьёва К.Ф.|М|1983|2012|маркетинг|Менеджер по маркетингу|70000|8
975|Морозова П.М.|М|1988|2014|разработка|Бизнес-аналитик|60000|10
976|Иванова Ф.А.|Ж|1988|2019|маркетинг|Интернет-маркетолог|55000|7
977|Васильева Э.Ф.|М|1984|2017|HR|HR Manager|45000|7
978|Гурова Ф.Б.|М|1990|2019|HR|HR Manager|50000|6
979|Иванова И.К.|М|1986|2022|HR|HR Manager|25000|1
980|Иванова Т.П.|М|1987|2022|маркетинг|Интернет-маркетолог|25000|1
981|Воробьева Р.З.|М|1982|2015|тестирование|Тестировщик|50000|5
982|Соловьёва Д.В.|Ж|1979|2000|маркетинг|Менеджер по маркетингу|60000|9
983|Васильева В.П.|Ж|1991|2019|HR|HR Manager|50000|5
984|Васильева Г.Д.|М|1984|2015|разработка|DevOps|55000|6
985|Медведева Н.Э.|Ж|1983|2014|разработка|Тимлид|75000|12
986|Воробьева Я.Ф.|М|1979|2002|HR|HR Аналитик|65000|11
987|Михайлова Ю.А.|М|1979|1999|тестирование|QA Manager|65000|8
988|Васильева И.М.|Ж|1991|2015|разработка|Бизнес-аналитик|45000|6
989|Васильева Ж.П.|Ж|1992|2019|разработка|Разработчик ПО|40000|5
990|Воробьева М.З.|М|1987|2020|HR|HR Manager|35000|1
991|Гурова Л.Я.|Ж|1990|2017|HR|HR Manager|50000|6
992|Михайлова Л.Р.|Ж|1993|2022|маркетинг|Менеджер по маркетингу|20000|1
993|Иванова Ф.Г.|Ж|1984|2017|маркетинг|Интернет-маркетолог|40000|5
994|Иванова Н.Л.|М|1988|2022|разработка|Мобильный разработчик|35000|3
995|Михайлова У.И.|М|1991|2015|маркетинг|Менеджер по маркетингу|40000|5
996|Гурова Н.Г.|М|1978|2012|маркетинг|Менеджер по маркетингу|65000|12
997|Гурова Р.М.|Ж|1978|2011|HR|HR Manager|65000|10
998|Михайлова Т.Ж.|Ж|1984|2009|маркетинг|Менеджер по маркетингу|65000|8
999|Иванова Г.Г.|Ж|1985|2018|разработка|Тимлид|45000|5
1000|Васильева Ю.Ю.|Ж|1982|2011|тестирование|Тестировщик|75000|8
1001|Медведева О.З.|М|1989|2020|разработка|Бизнес-аналитик|30000|3
1002|Морозова А.Я.|Ж|1995|2022|маркетинг|Менеджер по маркетингу|20000|1
1003|Иванова И.А.|Ж|1989|2018|маркетинг|Менеджер по маркетингу|55000|5
1004|Васильева Р.Ф.|М|1995|2022|разработка|Мобильный разработчик|25000|1
1005|Михайлова С.И.|Ж|1986|2008|маркетинг|Интернет-маркетолог|60000|8
1006|Морозова Д.Е.|Ж|1977|2006|тестирование|QA Manager|70000|8
1007|Медведева З.П.|Ж|1992|2012|разработка|Мобильный разработчик|65000|8
1008|Васильева Н.Л.|Ж|1984|2011|HR|HR Аналитик|75000|12
1009|Воробьева Ж.Д.|М|1994|2020|разработка|Бизнес-аналитик|35000|2
1010|Михайлова Э.Э.|М|1989|2013|тестирование|QA Manager|75000|10
1011|Гурова Д.С.|М|1978|2008|разработка|Тимлид|65000|8
1012|Иванова Б.В.|Ж|1985|2013|маркетинг|Интернет-маркетолог|60000|8
1013|Сидорова З.Е.|М|1980|2009|тестирование|QA Manager|65000|10
1014|Гурова У.Ж.|М|1977|2022|разработка|Бизнес-аналитик|25000|3
1015|Васильева Ю.Ю.|М|1986|2019|HR|HR Manager|55000|6
1016|Козловская К.Л.|Ж|1975|1999|маркетинг|Интернет-маркетолог|65000|8
1017|Гурова Д.У.|М|1991|2021|HR|HR Аналитик|20000|1
1018|Гурова И.З.|Ж|1980|2009|HR|HR Аналитик|65000|8
1019|Васильева К.В.|Ж|1981|2017|маркетинг|Интернет-маркетолог|40000|7
1020|Воробьева Э.У.|Ж|1993|2014|тестирование|QA Manager|75000|8
1021|Морозова Р.П.|Ж|1986|2015|HR|HR Аналитик|40000|4
1022|Сидорова Я.Т.|М|1988|2018|маркетинг|Интернет-маркетолог|45000|4
1023|Соловьёва Я.Д.|Ж|1981|2013|тестирование|QA Manager|65000|12
1024|Михайлова К.Г.|М|1981|2016|HR|HR Аналитик|45000|4
1025|Сидорова Я.М.|М|1994|2016|тестирование|Тестировщик|55000|6
1026|Васильева М.Г.|Ж|1986|2014|разработка|Разработчик ПО|65000|10
1027|Васильева Г.В.|М|1985|2019|HR|HR Аналитик|55000|4
1028|Михайлова Ф.Р.|Ж|1992|2019|HR|HR Аналитик|50000|4
1029|Соловьёва О.Ю.|М|1977|2008|маркетинг|Интернет-маркетолог|65000|10
1030|Медведева И.А.|Ж|1981|2013|разработка|Разработчик ПО|60000|10
1031|Соловьёва Л.Ю.|М|1980|2020|разработка|DevOps|20000|1
1032|Сидорова Б.С.|М|1981|2001|маркетинг|Менеджер по маркетингу|70000|11
1033|Соловьёва Е.А.|Ж|1979|2011|разработка|DevOps|65000|8
1034|Иванова Б.О.|Ж|1978|2019|тестирование|QA Manager|50000|6
1035|Сидорова Ж.Ж.|М|1983|2013|HR|HR Manager|75000|11
1036|Морозова Р.Д.|М|1976|2010|маркетинг|Интернет-маркетолог|70000|11
1037|Сидорова М.Ю.|Ж|1977|2013|HR|HR Аналитик|60000|8
1038|Михайлова В.Ю.|М|1986|2016|HR|HR Аналитик|50000|4
1039|Морозова Д.У.|М|1984|2020|маркетинг|Менеджер по маркетингу|20000|2
1040|Гурова Я.О.|Ж|1980|2015|HR|HR Manager|45000|7
1041|Гурова М.В.|М|1995|2020|маркетинг|Менеджер по маркетингу|20000|3
